{
  "loss": [
    0.1542983502149582, 0.0613468699157238, 0.044953081756830215,
    0.03722458332777023, 0.031231367960572243, 0.0272474754601717,
    0.021265113726258278, 0.022051049396395683, 0.016092441976070404,
    0.014485098421573639, 0.011234263889491558, 0.013306813314557076,
    0.01086618285626173, 0.009077084250748158, 0.010345791466534138,
    0.008048946969211102, 0.007193219847977161, 0.007680468261241913,
    0.007174674421548843, 0.004965570289641619, 0.006756809074431658,
    0.008141737431287766, 0.0041335513815283775, 0.006380839738994837,
    0.005740035325288773
  ],
  "accuracy": [
    0.9549499750137329, 0.9817166924476624, 0.9863333106040955,
    0.9882000088691711, 0.9898499846458435, 0.9913333058357239,
    0.9931833148002625, 0.9929166436195374, 0.9945499897003174,
    0.9950166940689087, 0.996233344078064, 0.9955333471298218,
    0.9962499737739563, 0.9968666434288025, 0.9967333078384399,
    0.9975166916847229, 0.9973999857902527, 0.9974499940872192,
    0.9977166652679443, 0.9983833432197571, 0.997866690158844,
    0.9974333047866821, 0.9986500144004822, 0.997783362865448,
    0.9981666803359985
  ],
  "val_loss": [
    0.08053237199783325, 0.048265617340803146, 0.1182500347495079,
    0.07195054739713669, 0.023235668241977692, 0.04577965661883354,
    0.062215276062488556, 0.05884634330868721, 0.048099860548973083,
    0.04138902574777603, 0.0452532060444355, 0.03581811860203743,
    0.058006659150123596, 0.0693422481417656, 0.04208582639694214,
    0.04803602397441864, 0.047288380563259125, 0.059695202857255936,
    0.06550450623035431, 0.04758970066905022, 0.04458732157945633,
    0.05142594128847122, 0.04350215941667557, 0.04797924682497978,
    0.04406683146953583
  ],
  "val_accuracy": [
    0.9750999808311462, 0.9848999977111816, 0.963699996471405,
    0.9782999753952026, 0.9623999881744385, 0.9854000210762024,
    0.9819999933242798, 0.9846000075340271, 0.9879000186920166,
    0.988099992275238, 0.9894999861717224, 0.9919000267982483,
    0.9865999817848206, 0.9825000166893005, 0.9894000291824341,
    0.9887999892234802, 0.9898999929428101, 0.9886000156402588,
    0.9847999811172485, 0.9900000095367432, 0.9897000193595886,
    0.9882000088691711, 0.9907000064849854, 0.9902999997138977,
    0.9905999898910522
  ]
}
