{"accuracy": [0.868071436882019, 0.9525476098060608, 0.9639999866485596, 0.9716190695762634, 0.9759523868560791, 0.9790714383125305, 0.9818333387374878, 0.9834523797035217, 0.9845238327980042, 0.9854285717010498], "loss": [0.4579339623451233, 0.17781448364257812, 0.13104704022407532, 0.10469423979520798, 0.08862856030464172, 0.07799981534481049, 0.06886854767799377, 0.0624389573931694, 0.05715443193912506, 0.052121371030807495], "val_accuracy": [0.10794444382190704, 0.9099444150924683, 0.972000002861023, 0.9755555391311646, 0.977055549621582, 0.9780555367469788, 0.980222225189209, 0.9812777638435364, 0.9815555810928345, 0.9821666479110718], "val_loss": [4.580788612365723, 0.3338191509246826, 0.09150827676057816, 0.07763103395700455, 0.07482430338859558, 0.07237103581428528, 0.06493953615427017, 0.060815952718257904, 0.05857156217098236, 0.05675375834107399]}