{"loss": [0.1522032916545868, 0.06201477348804474, 0.04555414244532585, 0.0373140387237072, 0.03059539571404457,
0.02631339430809021, 0.02270680107176304, 0.020058926194906235, 0.013590251095592976, 0.017801396548748016,
0.011639964766800404, 0.01026096474379301, 0.01384129747748375, 0.008981076069176197, 0.010766563937067986,
0.008045789785683155, 0.008483926765620708, 0.006890627555549145, 0.008734723553061485, 0.005449625663459301],
"accuracy": [0.9543333053588867, 0.9812999963760376, 0.9860833287239075, 0.9886833429336548, 0.990066647529602,
0.9914000034332275, 0.9925833344459534, 0.9930833578109741, 0.9952333569526672, 0.9940000176429749, 0.9959999918937683,
0.9964166879653931, 0.9954000115394592, 0.9969000220298767, 0.9965833425521851, 0.9973666667938232, 0.9971500039100647,
0.9978500008583069, 0.9972166419029236, 0.9983000159263611], "val_loss": [0.09698352962732315, 0.14512218534946442,
0.055652324110269547, 0.04153482988476753, 0.05369329825043678, 0.05106518417596817, 0.04163218289613724,
0.04927045851945877, 0.04267754778265953, 0.0434734970331192, 0.05280584096908569, 0.04888695850968361,
0.05655823275446892, 0.039504021406173706, 0.04106481745839119, 0.05149320513010025, 0.045895710587501526,
0.046969279646873474, 0.05181646719574928, 0.04213577136397362], "val_accuracy": [0.9699000120162964,
0.9532999992370605, 0.9829000234603882, 0.9882000088691711, 0.9855999946594238, 0.987500011920929, 0.9876999855041504,
0.9876999855041504, 0.9876999855041504, 0.9879000186920166, 0.9847999811172485, 0.9872999787330627, 0.9854000210762024,
0.9904000163078308, 0.9889000058174133, 0.9876999855041504, 0.9889000058174133, 0.9894000291824341, 0.988099992275238,
0.9900000095367432]}
