{"loss": [0.0828562080860138, 0.058784015476703644, 0.051277853548526764, 0.044360291212797165, 0.04313766211271286, 0.03720806911587715, 0.03474663197994232, 0.02922401763498783, 0.03124895505607128, 0.029810253530740738, 0.02509204111993313, 0.023858441039919853, 0.023120082914829254, 0.02358393371105194, 0.019910864531993866, 0.02183770202100277, 0.019139176234602928, 0.01860835961997509, 0.018756825476884842, 0.017171388491988182, 0.018195005133748055, 0.014722797088325024, 0.01819436624646187, 0.01693037897348404, 0.016572967171669006], "accuracy": [0.9761833548545837, 0.982200026512146, 0.9850166440010071, 0.9868833422660828, 0.987583339214325, 0.9891499876976013, 0.989883303642273, 0.9914666414260864, 0.9908833503723145, 0.9909666776657104, 0.9926666617393494, 0.9934499859809875, 0.9934166669845581, 0.9934499859809875, 0.994183361530304, 0.9938499927520752, 0.9944333434104919, 0.9946500062942505, 0.994949996471405, 0.9951333403587341, 0.9950500130653381, 0.9959333539009094, 0.9955666661262512, 0.9957166910171509, 0.9962000250816345], "val_loss": [0.1469055712223053, 0.05497536435723305, 0.07056675106287003, 0.10535214841365814, 0.11209945380687714, 0.05268310382962227, 0.06739839166402817, 0.045748669654130936, 0.044015027582645416, 0.059809960424900055, 0.0657520443201065, 0.049653951078653336, 0.07314270734786987, 0.06106057018041611, 0.06754905730485916, 0.06027057394385338, 0.06589027494192123, 0.06497028470039368, 0.07045526802539825, 0.0681801363825798, 0.0772082731127739, 0.08058134466409683, 0.07710020989179611, 0.06227637827396393, 0.05626703426241875], "val_accuracy": [0.9577999711036682, 0.9843999743461609, 0.9811000227928162, 0.9735999703407288, 0.9696999788284302, 0.9858999848365784, 0.9824000000953674, 0.9891999959945679, 0.989799976348877, 0.9889000058174133, 0.9886999726295471, 0.989799976348877, 0.9865000247955322, 0.9890999794006348, 0.9890999794006348, 0.9882000088691711, 0.9891999959945679, 0.9891999959945679, 0.9889000058174133, 0.9904999732971191, 0.9873999953269958, 0.9864000082015991, 0.9894999861717224, 0.9907000064849854, 0.9907000064849854]}