{"loss": [0.26376643776893616, 0.1364297866821289, 0.10198698192834854, 0.07885804027318954, 0.06648144870996475, 0.056975096464157104, 0.05061739683151245, 0.044474273920059204, 0.03971610590815544, 0.03553379699587822, 0.03145168721675873, 0.02922891080379486, 0.027067754417657852, 0.023689264431595802, 0.021995360031723976, 0.020158180966973305, 0.018428703770041466, 0.017523234710097313, 0.01728411205112934, 0.01546042412519455, 0.014276464469730854, 0.014374270103871822, 0.01241291593760252, 0.011980131268501282, 0.011254402808845043, 0.011080226860940456, 0.01036112755537033, 0.008821148425340652, 0.009599617682397366, 0.008799807168543339, 0.00824076496064663, 0.008092035539448261, 0.007684512995183468, 0.006872453261166811, 0.00704186363145709, 0.006911779288202524, 0.006391110364347696, 0.006014614831656218, 0.00655899615958333, 0.005664515309035778, 0.005427700467407703, 0.0054841130040585995, 0.005223693326115608, 0.004493578802794218, 0.005124321207404137, 0.005283905193209648, 0.004424532875418663, 0.003715350991114974, 0.003644223790615797, 0.0043722596019506454], "accuracy": [0.9270714521408081, 0.961809515953064, 0.971666693687439, 0.9782381057739258, 0.9815000295639038, 0.9840714335441589, 0.985785722732544, 0.9873571395874023, 0.9886428713798523, 0.9898809790611267, 0.9915000200271606, 0.9917142987251282, 0.9930475950241089, 0.9940476417541504, 0.9941904544830322, 0.9950476288795471, 0.9958571195602417, 0.9955475926399231, 0.9955238103866577, 0.9960476160049438, 0.9964523911476135, 0.9965000152587891, 0.9973333477973938, 0.9970476031303406, 0.9976666569709778, 0.9973809719085693, 0.9976190328598022, 0.9983095526695251, 0.998119056224823, 0.9979285597801208, 0.9982619285583496, 0.9983571171760559, 0.9984762072563171, 0.9986904859542847, 0.9984762072563171, 0.998619019985199, 0.9987618923187256, 0.9989523887634277, 0.9988095164299011, 0.9989285469055176, 0.9989523887634277, 0.9991428852081299, 0.9991190433502197, 0.9993095397949219, 0.9987618923187256, 0.9991904497146606, 0.9992856979370117, 0.9997857213020325, 0.9995952248573303, 0.9993571639060974], "val_loss": [0.18094967305660248, 0.08336485922336578, 0.06812695413827896, 0.05992334708571434, 0.05560499429702759, 0.06389826536178589, 0.04847997426986694, 0.04713280498981476, 0.05097402632236481, 0.04667723923921585, 0.04413443058729172, 0.042738497257232666, 0.04166989400982857, 0.044904906302690506, 0.041188184171915054, 0.04299367591738701, 0.042708493769168854, 0.04847528040409088, 0.04584795981645584, 0.04276377335190773, 0.09132159501314163, 0.03953666239976883, 0.043854355812072754, 0.042092882096767426, 0.0418723002076149, 0.04197336733341217, 0.03913259878754616, 0.041114602237939835, 0.03911114111542702, 0.04481372982263565, 0.04225737974047661, 0.0416976734995842, 0.04056757315993309, 0.04148837924003601, 0.041298527270555496, 0.04032481089234352, 0.03939637914299965, 0.06015423685312271, 0.03955584019422531, 0.040101513266563416, 0.039713386446237564, 0.04823535680770874, 0.04208974167704582, 0.04028172045946121, 0.07097357511520386, 0.04176197573542595, 0.04108646884560585, 0.04018591716885567, 0.039708949625492096, 0.03931201994419098], "val_accuracy": [0.9488333463668823, 0.9756110906600952, 0.979888916015625, 0.9808889031410217, 0.9822777509689331, 0.980222225189209, 0.9845555424690247, 0.9845555424690247, 0.984499990940094, 0.9855555295944214, 0.9856111407279968, 0.9865000247955322, 0.9869444370269775, 0.9853333234786987, 0.9868888854980469, 0.9867777824401855, 0.9871666431427002, 0.9853333234786987, 0.9861111044883728, 0.9865555763244629, 0.9714999794960022, 0.9875555634498596, 0.9867777824401855, 0.9869444370269775, 0.9872221946716309, 0.9869999885559082, 0.9882222414016724, 0.9877222180366516, 0.9879999756813049, 0.9861666560173035, 0.9872778058052063, 0.9876111149787903, 0.987666666507721, 0.9879444241523743, 0.9878888726234436, 0.9877777695655823, 0.9882222414016724, 0.9835000038146973, 0.9878888726234436, 0.9875555634498596, 0.9878333210945129, 0.9858333468437195, 0.9871666431427002, 0.9879444241523743, 0.9792222380638123, 0.9878888726234436, 0.9874444603919983, 0.9883333444595337, 0.9883333444595337, 0.9882222414016724]}